_id,RSS,Region,Nom_etablissement,Nom_installation,No_permis_installation,Nombre_de_civieres_fonctionnelles,Nombre_de_civieres_occupees,Nombre_de_patients_sur_civiere_plus_de_24_heures,Nombre_de_patients_sur_civiere_plus_de_48_heures,Nombre_total_de_patients_presents_a_lurgence,Nombre_total_de_patients_en_attente_de_PEC,DMS_sur_civiere,DMS_ambulatoire,DMS_sur_civiere_horaire,DMS_ambulatoire_horaire,Heure_de_l'extraction_(image),Mise_a_jour
1,01,Bas-Saint-Laurent,Total régional,Total régional,,52,45,8,1,108,48,13.1586666666666,2.81513392857142,13:09,2:48,14:00:00,2026-01-22T14:45
2,01,Bas-Saint-Laurent,CISSS DU BAS-SAINT-LAURENT,CENTRE HOSPITALIER RÉGIONAL DU GRAND-PORTAGE,51218352,9,5,0,0,12,6,10.45,2.81,10:27,2:48,14:00:00,2026-01-22T14:45
3,01,Bas-Saint-Laurent,CISSS DU BAS-SAINT-LAURENT,HÔPITAL DE MATANE,51218980,7,8,1,0,15,7,14.67,2.33,14:40,2:19,14:00:00,2026-01-22T14:45
4,01,Bas-Saint-Laurent,CISSS DU BAS-SAINT-LAURENT,CLSC DE POHÉNÉGAMOOK,51219418,3,1,0,0,4,1,7.44,0.91,7:26,0:54,14:00:00,2026-01-22T14:45
5,01,Bas-Saint-Laurent,CISSS DU BAS-SAINT-LAURENT,HÔPITAL NOTRE-DAME-DE-FATIMA,51221141,7,6,0,0,10,2,8.75,3.97,8:45,3:58,14:00:00,2026-01-22T14:45
6,01,Bas-Saint-Laurent,CISSS DU BAS-SAINT-LAURENT,HÔPITAL DE NOTRE-DAME-DU-LAC,51221877,5,1,0,0,8,5,20.71,1.96,20:42,1:57,14:00:00,2026-01-22T14:45
7,01,Bas-Saint-Laurent,CISSS DU BAS-SAINT-LAURENT,HÔPITAL D'AMQUI,51226892,6,6,3,0,12,3,6.71,2.9,6:42,2:54,14:00:00,2026-01-22T14:45
8,01,Bas-Saint-Laurent,CISSS DU BAS-SAINT-LAURENT,HÔPITAL RÉGIONAL DE RIMOUSKI,51227882,12,17,4,1,39,20,17.11,3.59,17:06,3:35,14:00:00,2026-01-22T14:45
9,01,Bas-Saint-Laurent,CISSS DU BAS-SAINT-LAURENT,CENTRE MULTISERVICES DE SANTÉ ET DE SERVICES SOCIAUX DE TROIS-PISTOLES,51236156,3,1,0,0,8,4,4.91,3.94,4:54,3:56,14:00:00,2026-01-22T14:45
10,02,Saguenay-Lac-Saint-Jean,Total régional,Total régional,,104,66,9,0,164,64,11.9816560509554,4.25215805471124,11:58,4:15,14:00:00,2026-01-22T14:45
11,02,Saguenay-Lac-Saint-Jean,CIUSSS DU SAGUENAY - LAC-SAINT-JEAN,HÔPITAL DE CHICOUTIMI,51218394,41,24,4,0,50,17,14.53,5.27,14:31,5:16,14:00:00,2026-01-22T14:45
12,02,Saguenay-Lac-Saint-Jean,CIUSSS DU SAGUENAY - LAC-SAINT-JEAN,HÔPITAL DE DOLBEAU-MISTASSINI,51219384,10,8,4,0,16,4,8.76,2.71,8:45,2:42,14:00:00,2026-01-22T14:45
13,02,Saguenay-Lac-Saint-Jean,CIUSSS DU SAGUENAY - LAC-SAINT-JEAN,HÔPITAL D'ALMA,51219400,17,8,0,0,30,11,8.8,3.67,8:48,3:40,14:00:00,2026-01-22T14:45
14,02,Saguenay-Lac-Saint-Jean,CIUSSS DU SAGUENAY - LAC-SAINT-JEAN,HÔPITAL DE LA BAIE,51221364,7,6,0,0,10,4,12.53,4.64,12:31,4:38,14:00:00,2026-01-22T14:45
15,02,Saguenay-Lac-Saint-Jean,CIUSSS DU SAGUENAY - LAC-SAINT-JEAN,HÔPITAL ET CENTRE DE RÉADAPTATION DE JONQUIÈRE,51224541,16,11,0,0,36,17,11.53,4.44,11:31,4:26,14:00:00,2026-01-22T14:45
16,02,Saguenay-Lac-Saint-Jean,CIUSSS DU SAGUENAY - LAC-SAINT-JEAN,HÔPITAL ET CENTRE D'HÉBERGEMENT DE ROBERVAL,51228203,13,9,1,0,22,11,9.19,3.84,9:11,3:50,14:00:00,2026-01-22T14:45
17,03,Capitale-Nationale,Total régional,Total régional,,218,211,47,9,416,132,15.2331780821917,6.39671490593343,15:13,6:23,14:00:00,2026-01-22T14:45
18,03,Capitale-Nationale,CHU DE QUÉBEC - UNIVERSITÉ LAVAL,HÔPITAL DU SAINT-SACREMENT,51217529,22,20,2,0,48,25,15.81,4.66,15:48,4:39,14:00:00,2026-01-22T14:45
19,03,Capitale-Nationale,CHU DE QUÉBEC - UNIVERSITÉ LAVAL,L'HÔTEL-DIEU DE QUÉBEC,51217586,15,13,1,0,19,1,12.86,2.09,12:51,2:05,14:00:00,2026-01-22T14:45
20,03,Capitale-Nationale,CHU DE QUÉBEC - UNIVERSITÉ LAVAL,CENTRE HOSPITALIER DE L'UNIVERSITÉ LAVAL,51217594,43,47,11,3,81,8,13.46,5.69,13:27,5:41,14:00:00,2026-01-22T14:45
21,03,Capitale-Nationale,CHU DE QUÉBEC - UNIVERSITÉ LAVAL,HÔPITAL SAINT-FRANÇOIS D'ASSISE,51217602,34,38,7,0,56,17,17.25,4.71,17:15,4:42,14:00:00,2026-01-22T14:45
22,03,Capitale-Nationale,CIUSSS DE LA CAPITALE-NATIONALE,CENTRE MULTISERVICES DE SANTÉ ET DE SERVICES SOCIAUX CHAUVEAU,51225001,5,1,0,0,33,21,3.83,2.16,3:49,2:09,14:00:00,2026-01-22T14:45
23,03,Capitale-Nationale,CIUSSS DE LA CAPITALE-NATIONALE,CENTRE MULTISERVICES DE SANTÉ ET DE SERVICES SOCIAUX DE SAINTE-ANNE-DE-BEAUPRÉ,51225357,4,2,0,0,9,5,6.56,2.75,6:33,2:45,14:00:00,2026-01-22T14:45
24,03,Capitale-Nationale,CIUSSS DE LA CAPITALE-NATIONALE,HÔPITAL ET CLSC DE LA MALBAIE,51228690,9,7,3,0,15,4,12.39,3.48,12:23,3:28,14:00:00,2026-01-22T14:45
25,03,Capitale-Nationale,INSTITUT UNIVERSITAIRE DE CARDIOLOGIE ET DE PNEUMOLOGIE DE QUÉBEC - UNIVERSITÉ LAVAL,INSTITUT UNIVERSITAIRE DE CARDIOLOGIE ET DE PNEUMOLOGIE DE QUÉBEC,51232130,20,20,5,0,25,4,13.61,3.65,13:36,3:39,14:00:00,2026-01-22T14:45
26,03,Capitale-Nationale,CHU DE QUÉBEC - UNIVERSITÉ LAVAL,HÔPITAL DE L'ENFANT-JÉSUS,51233914,48,54,18,6,94,24,23.34,22.94,23:20,22:56,14:00:00,2026-01-22T14:45
27,03,Capitale-Nationale,CIUSSS DE LA CAPITALE-NATIONALE,CENTRE MULTISERVICES DE SANTÉ ET DE SERVICES SOCIAUX DE BAIE-SAINT-PAUL,51244804,8,3,0,0,7,3,4.82,3.21,4:49,3:12,14:00:00,2026-01-22T14:45
28,03,Capitale-Nationale,CIUSSS DE LA CAPITALE-NATIONALE,CENTRE MULTISERVICES DE SANTÉ ET DE SERVICES SOCIAUX DE SAINT-RAYMOND,51247302,7,6,0,0,17,12,10.64,3.82,10:38,3:49,14:00:00,2026-01-22T14:45
29,03,Capitale-Nationale,CIUSSS DE LA CAPITALE-NATIONALE,CENTRE MULTISERVICES DE SANTÉ ET DE SERVICES SOCIAUX DE SAINT-MARC-DES-CARRIÈRES,51247344,3,0,0,0,12,8,5.42,3.76,5:25,3:45,14:00:00,2026-01-22T14:45
30,04,Mauricie et Centre-du-Québec,Total régional,Total régional,,118,108,13,2,206,75,11.8289723320158,3.40922190201729,11:49,3:24,14:00:00,2026-01-22T14:45
31,04,Mauricie et Centre-du-Québec,CIUSSS DE LA MAURICIE-ET-DU-CENTRE-DU-QUÉBEC,CENTRE MULTISERVICES DE SANTÉ ET DE SERVICES SOCIAUX DE FORTIERVILLE,51219160,2,0,0,0,3,1,2.66,0.88,2:39,0:52,14:00:00,2026-01-22T14:45
32,04,Mauricie et Centre-du-Québec,CIUSSS DE LA MAURICIE-ET-DU-CENTRE-DU-QUÉBEC,CENTRE MULTISERVICES DE SANTÉ ET DE SERVICES SOCIAUX DU HAUT-SAINT-MAURICE,51219731,7,4,0,0,10,4,10.92,3.2,10:55,3:12,14:00:00,2026-01-22T14:45
33,04,Mauricie et Centre-du-Québec,CIUSSS DE LA MAURICIE-ET-DU-CENTRE-DU-QUÉBEC,HÔPITAL DU CENTRE-DE-LA-MAURICIE,51220051,19,17,1,0,27,6,11.92,3.16,11:55,3:09,14:00:00,2026-01-22T14:45
34,04,Mauricie et Centre-du-Québec,CIUSSS DE LA MAURICIE-ET-DU-CENTRE-DU-QUÉBEC,PAVILLON SAINTE-MARIE,51220168,45,38,8,2,51,8,15.42,3.98,15:25,3:58,14:00:00,2026-01-22T14:45
35,04,Mauricie et Centre-du-Québec,CIUSSS DE LA MAURICIE-ET-DU-CENTRE-DU-QUÉBEC,HÔTEL-DIEU D'ARTHABASKA,51228039,16,12,1,0,32,13,10.95,2.19,10:57,2:11,14:00:00,2026-01-22T14:45
36,04,Mauricie et Centre-du-Québec,CIUSSS DE LA MAURICIE-ET-DU-CENTRE-DU-QUÉBEC,HÔPITAL SAINTE-CROIX,51228781,19,28,3,0,53,24,9.95,4.42,9:57,4:25,14:00:00,2026-01-22T14:45
37,04,Mauricie et Centre-du-Québec,CIUSSS DE LA MAURICIE-ET-DU-CENTRE-DU-QUÉBEC,CENTRE MULTISERVICES DE SANTÉ ET DE SERVICES SOCIAUX AVELLIN-DALCOURT,51233583,4,2,0,0,11,7,10.19,2.59,10:11,2:35,14:00:00,2026-01-22T14:45
38,04,Mauricie et Centre-du-Québec,CIUSSS DE LA MAURICIE-ET-DU-CENTRE-DU-QUÉBEC,CENTRE MULTISERVICES DE SANTÉ ET DE SERVICES SOCIAUX CHRIST-ROI,51246338,6,7,0,0,19,12,8.59,4.83,8:35,4:49,14:00:00,2026-01-22T14:45
39,05,Estrie,Total régional,Total régional,,137,131,27,6,250,82,17.7184710743801,5.30934036939314,17:43,5:18,14:00:00,2026-01-22T14:45
40,05,Estrie,CIUSSS DE L'ESTRIE - CENTRE HOSPITALIER UNIVERSITAIRE DE SHERBROOKE,CHUS - HÔPITAL FLEURIMONT,51216687,28,27,2,0,51,13,14.08,7.76,14:04,7:45,14:00:00,2026-01-22T14:45
41,05,Estrie,CIUSSS DE L'ESTRIE - CENTRE HOSPITALIER UNIVERSITAIRE DE SHERBROOKE,CHUS - HÔTEL-DIEU DE SHERBROOKE,51216695,44,58,21,6,71,14,23.17,7.16,23:10,7:09,14:00:00,2026-01-22T14:45
42,05,Estrie,CIUSSS DE L'ESTRIE - CENTRE HOSPITALIER UNIVERSITAIRE DE SHERBROOKE,CENTRE MULTISERVICES DE SANTÉ ET DE SERVICES SOCIAUX DE MEMPHRÉMAGOG,51219046,11,6,0,0,15,7,15.3,3.77,15:18,3:46,14:00:00,2026-01-22T14:45
43,05,Estrie,CIUSSS DE L'ESTRIE - CENTRE HOSPITALIER UNIVERSITAIRE DE SHERBROOKE,CENTRE DE SANTÉ ET DE SERVICES SOCIAUX DU GRANIT,51223832,5,2,0,0,14,7,8.56,1.83,8:33,1:49,14:00:00,2026-01-22T14:45
44,05,Estrie,CIUSSS DE L'ESTRIE - CENTRE HOSPITALIER UNIVERSITAIRE DE SHERBROOKE,HÔPITAL DE GRANBY,51228120,20,25,1,0,49,20,19.11,7.9,19:06,7:54,14:00:00,2026-01-22T14:45
45,05,Estrie,CIUSSS DE L'ESTRIE - CENTRE HOSPITALIER UNIVERSITAIRE DE SHERBROOKE,HÔPITAL BROME-MISSISQUOI-PERKINS,51229185,16,10,3,0,26,6,25.5,3.47,25:30,3:28,14:00:00,2026-01-22T14:45
46,05,Estrie,CIUSSS DE L'ESTRIE - CENTRE HOSPITALIER UNIVERSITAIRE DE SHERBROOKE,CENTRE MULTISERVICES DE SANTÉ ET DE SERVICES SOCIAUX DES SOURCES,51247583,7,2,0,0,12,8,5.22,3.95,5:13,3:57,14:00:00,2026-01-22T14:45
47,05,Estrie,CIUSSS DE L'ESTRIE - CENTRE HOSPITALIER UNIVERSITAIRE DE SHERBROOKE,CENTRE MULTISERVICES DE SANTÉ ET DE SERVICES SOCIAUX DE LA MRC DE COATICOOK,51247617,6,1,0,0,12,7,2.46,1.61,2:27,1:36,14:00:00,2026-01-22T14:45
48,06,Montréal,Total régional,Total régional,,568,771,269,83,1282,281,21.1486472424557,5.00533613445378,21:08,5:00,14:00:00,2026-01-22T14:45
49,06,Montréal,CIUSSS DU NORD-DE-L'ÎLE-DE-MONTRÉAL,HÔPITAL DU SACRÉ-COEUR-DE-MONTRÉAL,12475976,46,68,26,5,131,31,30.4,6.36,30:24,6:21,14:00:00,2026-01-22T14:45
50,06,Montréal,CIUSSS DE L'EST-DE-L'ÎLE-DE-MONTRÉAL,HÔPITAL MAISONNEUVE-ROSEMONT,12934659,54,66,23,4,100,31,25.06,4.36,25:03,4:21,14:00:00,2026-01-22T14:45
51,06,Montréal,CIUSSS DU CENTRE-SUD-DE-L'ÎLE-DE-MONTRÉAL,HÔPITAL DE VERDUN,51218097,26,33,7,0,64,17,20.8,3.5,20:48,3:30,14:00:00,2026-01-22T14:45
52,06,Montréal,CENTRE HOSPITALIER UNIVERSITAIRE SAINTE-JUSTINE,CHU SAINTE-JUSTINE,51222800,16,21,1,0,44,7,7.94,5.54,7:56,5:32,14:00:00,2026-01-22T14:45
53,06,Montréal,CENTRE UNIVERSITAIRE DE SANTÉ MCGILL,L'HÔPITAL DE MONTRÉAL POUR ENFANTS,51223279,12,9,2,0,51,2,9.24,4.23,9:14,4:13,14:00:00,2026-01-22T14:45
54,06,Montréal,CENTRE UNIVERSITAIRE DE SANTÉ MCGILL,HÔPITAL ROYAL VICTORIA,51223295,33,71,38,22,118,39,28.33,7.42,28:19,7:25,14:00:00,2026-01-22T14:45
55,06,Montréal,CIUSSS DE L'OUEST-DE-L'ÎLE-DE-MONTRÉAL,HÔPITAL DE LASALLE,51224392,15,17,9,1,32,7,30.06,5.65,30:03,5:39,14:00:00,2026-01-22T14:45
56,06,Montréal,CIUSSS DE L'OUEST-DE-L'ÎLE-DE-MONTRÉAL,HÔPITAL GÉNÉRAL DU LAKESHORE,51228278,31,64,29,15,79,18,31.2,5.94,31:12,5:56,14:00:00,2026-01-22T14:45
57,06,Montréal,CENTRE UNIVERSITAIRE DE SANTÉ MCGILL,HÔPITAL DE LACHINE,51228310,14,17,10,3,24,3,77.62,4.91,77:37,4:54,14:00:00,2026-01-22T14:45
58,06,Montréal,CIUSSS DU NORD-DE-L'ÎLE-DE-MONTRÉAL,HÔPITAL FLEURY,51228492,18,19,4,0,35,9,18.8,3.55,18:48,3:33,14:00:00,2026-01-22T14:45
59,06,Montréal,CIUSSS DU NORD-DE-L'ÎLE-DE-MONTRÉAL,HÔPITAL JEAN-TALON,51228500,22,24,3,1,46,11,17.65,3.25,17:39,3:15,14:00:00,2026-01-22T14:45
60,06,Montréal,CIUSSS DE L'OUEST-DE-L'ÎLE-DE-MONTRÉAL,HÔPITAL DOUGLAS,51235190,8,5,0,0,10,5,19.78,4,19:46,4:00,14:00:00,2026-01-22T14:45
61,06,Montréal,CIUSSS DE L'EST-DE-L'ÎLE-DE-MONTRÉAL,INSTITUT UNIVERSITAIRE EN SANTÉ MENTALE DE MONTRÉAL,51235307,12,8,6,2,10,0,44.02,1.26,44:01,1:15,14:00:00,2026-01-22T14:45
62,06,Montréal,CIUSSS DE L'EST-DE-L'ÎLE-DE-MONTRÉAL,HÔPITAL SANTA CABRINI,51235919,38,44,20,5,65,22,28.07,5.07,28:04,5:04,14:00:00,2026-01-22T14:45
63,06,Montréal,CENTRE HOSPITALIER DE L'UNIVERSITÉ DE MONTRÉAL,CENTRE HOSPITALIER DE L'UNIVERSITÉ DE MONTRÉAL,51236297,51,79,19,1,133,10,21,7.37,21:00,7:22,14:00:00,2026-01-22T14:45
64,06,Montréal,CIUSSS DU CENTRE-SUD-DE-L'ÎLE-DE-MONTRÉAL,HÔPITAL NOTRE-DAME,51236313,35,36,16,5,59,13,17.75,5.42,17:45,5:25,14:00:00,2026-01-22T14:45
65,06,Montréal,INSTITUT DE CARDIOLOGIE DE MONTRÉAL,INSTITUT DE CARDIOLOGIE DE MONTRÉAL,51248201,22,25,8,0,36,3,13.43,4.27,13:25,4:16,14:00:00,2026-01-22T14:45
66,06,Montréal,CENTRE UNIVERSITAIRE DE SANTÉ MCGILL,HÔPITAL GÉNÉRAL DE MONTRÉAL,51248219,31,33,15,11,43,3,22.42,4.88,22:25,4:52,14:00:00,2026-01-22T14:45
67,06,Montréal,CIUSSS DE L'OUEST-DE-L'ÎLE-DE-MONTRÉAL,CENTRE HOSPITALIER DE ST. MARY,51248243,22,27,12,4,46,4,17.52,4.47,17:31,4:28,14:00:00,2026-01-22T14:45
68,06,Montréal,CIUSSS DU CENTRE-OUEST-DE-L'ÎLE-DE-MONTRÉAL,HÔPITAL GÉNÉRAL JUIF,51248250,53,97,17,3,144,46,14.36,2.71,14:21,2:42,14:00:00,2026-01-22T14:45
69,06,Montréal,CIUSSS DU NORD-DE-L'ÎLE-DE-MONTRÉAL,HÔPITAL EN SANTÉ MENTALE ALBERT-PRÉVOST,51848752,9,8,4,1,12,0,31.21,4.18,31:12,4:10,14:00:00,2026-01-22T14:45
70,07,Outaouais,Total régional,Total régional,,83,107,37,8,182,46,25.45203125,5.70860139860139,25:27,5:42,14:00:00,2026-01-22T14:45
71,07,Outaouais,CISSS DE L'OUTAOUAIS,HÔPITAL ET CHSLD DU PONTIAC,51219459,4,2,0,0,15,8,0,3.71,0:00,3:42,14:00:00,2026-01-22T14:45
72,07,Outaouais,CISSS DE L'OUTAOUAIS,CLSC ET CENTRE D'HÉBERGEMENT DE LA PETITE-NATION,51219491,2,0,0,0,3,1,6.28,2.74,6:16,2:44,14:00:00,2026-01-22T14:45
73,07,Outaouais,CISSS DE L'OUTAOUAIS,HÔPITAL DE GATINEAU,51221703,28,36,12,1,54,10,28.03,9.13,28:01,9:07,14:00:00,2026-01-22T14:45
74,07,Outaouais,CISSS DE L'OUTAOUAIS,HÔPITAL DE HULL,51221711,25,47,17,7,66,16,29.45,8.98,29:27,8:58,14:00:00,2026-01-22T14:45
75,07,Outaouais,CISSS DE L'OUTAOUAIS,HÔPITAL DE MANIWAKI,51221893,6,8,5,0,11,2,11.13,3.2,11:07,3:12,14:00:00,2026-01-22T14:45
76,07,Outaouais,CISSS DE L'OUTAOUAIS,HÔPITAL ET CHSLD MÉMORIAL DE WAKEFIELD / WAKEFIELD MEMORIAL HOSPITAL,51228799,4,3,1,0,11,7,52.59,3.65,52:35,3:39,14:00:00,2026-01-22T14:45
77,07,Outaouais,CISSS DE L'OUTAOUAIS,HÔPITAL ET CHSLD DE PAPINEAU,51228823,12,11,2,0,20,2,16.22,4.28,16:13,4:16,14:00:00,2026-01-22T14:45
78,07,Outaouais,CISSS DE L'OUTAOUAIS,CENTRE MULTISERVICES DE SANTÉ ET DE SERVICES SOCIAUX DE MANSFIELD-ET-PONTEFRACT,51245058,2,0,0,0,2,0,4.85,5.17,4:51,5:10,14:00:00,2026-01-22T14:45
79,08,Abitibi-Témiscamingue,Total régional,Total régional,,37,38,6,1,116,56,13.5968965517241,3.9593927125506,13:35,3:57,14:00:00,2026-01-22T14:45
80,08,Abitibi-Témiscamingue,CISSS DE L'ABITIBI-TÉMISCAMINGUE,HÔPITAL DE VAL-D'OR,51225589,11,15,5,1,47,26,20.68,4.26,20:40,4:15,14:00:00,2026-01-22T14:45
81,08,Abitibi-Témiscamingue,CISSS DE L'ABITIBI-TÉMISCAMINGUE,HÔPITAL D'AMOS,51228906,7,10,0,0,25,14,10.94,3.72,10:56,3:43,14:00:00,2026-01-22T14:45
82,08,Abitibi-Témiscamingue,CISSS DE L'ABITIBI-TÉMISCAMINGUE,HÔPITAL DE ROUYN-NORANDA,51228922,8,7,0,0,22,10,9.21,4.47,9:12,4:28,14:00:00,2026-01-22T14:45
83,08,Abitibi-Témiscamingue,CISSS DE L'ABITIBI-TÉMISCAMINGUE,CENTRE MULTISERVICES DE SANTÉ ET DE SERVICES SOCIAUX DE TÉMISCAMING-KIPAWA,51247476,1,0,0,0,4,2,0,1.78,0:00,1:46,14:00:00,2026-01-22T14:45
84,08,Abitibi-Témiscamingue,CISSS DE L'ABITIBI-TÉMISCAMINGUE,CENTRE MULTISERVICES DE SANTÉ ET DE SERVICES SOCIAUX DE VILLE-MARIE,51247542,5,0,0,0,7,2,13.9,3.13,13:54,3:07,14:00:00,2026-01-22T14:45
85,08,Abitibi-Témiscamingue,CISSS DE L'ABITIBI-TÉMISCAMINGUE,CENTRE MULTISERVICES DE SANTÉ ET DE SERVICES SOCIAUX DE LA SARRE,51247559,5,6,1,0,11,2,10.93,4.24,10:55,4:14,14:00:00,2026-01-22T14:45
86,09,Côte-Nord,Total régional,Total régional,,41,39,15,6,103,43,14.507619047619,4.88193236714975,14:30,4:52,14:00:00,2026-01-22T14:45
87,09,Côte-Nord,CISSS DE LA CÔTE-NORD,CENTRE MULTISERVICES DE SANTÉ ET DE SERVICES SOCIAUX DES ESCOUMINS,51218733,3,0,0,0,6,3,13.46,3.6,13:27,3:36,14:00:00,2026-01-22T14:45
88,09,Côte-Nord,CISSS DE LA CÔTE-NORD,CENTRE MULTISERVICES DE SANTÉ ET DE SERVICES SOCIAUX DE FORESTVILLE,51218741,5,3,0,0,12,9,5.33,3.04,5:19,3:02,14:00:00,2026-01-22T14:45
89,09,Côte-Nord,CISSS DE LA CÔTE-NORD,CLSC ET HÔPITAL LE ROYER,51228765,10,7,2,0,17,3,18.03,3.5,18:01,3:30,14:00:00,2026-01-22T14:45
90,09,Côte-Nord,CISSS DE LA CÔTE-NORD,HÔPITAL ET CLSC DE SEPT-ÎLES,51232023,10,22,11,6,30,7,22.74,7,22:44,7:00,14:00:00,2026-01-22T14:45
91,09,Côte-Nord,CISSS DE LA CÔTE-NORD,CENTRE MULTISERVICES DE SANTÉ ET DE SERVICES SOCIAUX DE FERMONT,51245108,2,0,0,0,1,0,5.46,1.49,5:27,1:29,14:00:00,2026-01-22T14:45
92,09,Côte-Nord,CISSS DE LA CÔTE-NORD,CENTRE MULTISERVICES DE SANTÉ ET DE SERVICES SOCIAUX DE LA MINGANIE,51245116,2,4,0,0,15,11,10.14,4.07,10:08,4:04,14:00:00,2026-01-22T14:45
93,09,Côte-Nord,CISSS DE LA CÔTE-NORD,CENTRE MULTISERVICES DE SANTÉ ET DE SERVICES SOCIAUX DE PORT-CARTIER,51245132,5,3,2,0,16,9,15.31,7.04,15:18,7:02,14:00:00,2026-01-22T14:45
94,09,Côte-Nord,CISSS DE LA CÔTE-NORD,CENTRE MULTISERVICES DE SANTÉ ET DE SERVICES SOCIAUX DE LA BASSE-CÔTE-NORD,51245140,4,0,0,0,6,1,4.38,2.39,4:22,2:23,14:00:00,2026-01-22T14:45
95,11,Gaspésie-Îles-de-la-Madeleine,Total régional,Total régional,,44,22,5,1,65,22,13.7567441860465,2.91802197802197,13:45,2:55,14:00:00,2026-01-22T14:45
96,11,Gaspésie-Îles-de-la-Madeleine,CISSS DE LA GASPÉSIE,HÔPITAL DE GASPÉ,51220903,6,5,2,0,11,3,11.07,4.19,11:04,4:11,14:00:00,2026-01-22T14:45
97,11,Gaspésie-Îles-de-la-Madeleine,CISSS DE LA GASPÉSIE,CLSC ET CENTRE DE SERVICES AMBULATOIRES DE PASPÉBIAC,51220978,4,2,0,0,9,4,6.36,1.69,6:21,1:41,14:00:00,2026-01-22T14:45
98,11,Gaspésie-Îles-de-la-Madeleine,CISSS DE LA GASPÉSIE,CLSC ET CENTRE DE SERVICES AMBULATOIRES DE MURDOCHVILLE,51221307,2,0,0,0,2,1,0,1.37,0:00,1:22,14:00:00,2026-01-22T14:45
99,11,Gaspésie-Îles-de-la-Madeleine,CISSS DE LA GASPÉSIE,HÔPITAL DE CHANDLER,51227775,8,6,3,1,19,9,24.03,4.49,24:01,4:29,14:00:00,2026-01-22T14:45
100,11,Gaspésie-Îles-de-la-Madeleine,CISSS DES ÎLES,HÔPITAL DE L'ARCHIPEL,51227783,6,1,0,0,2,0,13.76,1.2,13:45,1:12,14:00:00,2026-01-22T14:45
101,11,Gaspésie-Îles-de-la-Madeleine,CISSS DE LA GASPÉSIE,HÔPITAL ET GROUPE DE MÉDECINE DE FAMILLE UNIVERSITAIRE DE MARIA,51227908,10,2,0,0,9,2,15.79,4.59,15:47,4:35,14:00:00,2026-01-22T14:45
102,11,Gaspésie-Îles-de-la-Madeleine,CISSS DE LA GASPÉSIE,CENTRE MULTISERVICES DE SANTÉ ET DE SERVICES SOCIAUX DE GRANDE-VALLÉE,51247732,2,0,0,0,1,0,0,0.54,0:00,0:32,14:00:00,2026-01-22T14:45
103,11,Gaspésie-Îles-de-la-Madeleine,CISSS DE LA GASPÉSIE,HÔPITAL ET CLSC DE SAINTE-ANNE-DES-MONTS,51247799,6,6,0,0,12,3,5.91,2.7,5:54,2:42,14:00:00,2026-01-22T14:45
104,12,Chaudière-Appalaches,Total régional,Total régional,,89,98,21,2,224,83,16.1918421052631,3.42284796573875,16:11,3:25,14:00:00,2026-01-22T14:45
105,12,Chaudière-Appalaches,CISSS DE CHAUDIÈRE-APPALACHES,HÔTEL-DIEU DE LÉVIS,51227569,43,47,12,0,83,17,18.22,3.92,18:13,3:55,14:00:00,2026-01-22T14:45
106,12,Chaudière-Appalaches,CISSS DE CHAUDIÈRE-APPALACHES,HÔPITAL DE SAINT-GEORGES,51228971,21,23,3,0,44,18,9.4,3.76,9:24,3:45,14:00:00,2026-01-22T14:45
107,12,Chaudière-Appalaches,CISSS DE CHAUDIÈRE-APPALACHES,CHSLD ET HÔPITAL PAUL-GILBERT,51245199,0,0,0,0,27,21,0,3.72,0:00,3:43,14:00:00,2026-01-22T14:45
108,12,Chaudière-Appalaches,CISSS DE CHAUDIÈRE-APPALACHES,HÔPITAL DE MONTMAGNY,51245223,10,15,5,1,36,19,14.17,2.46,14:10,2:27,14:00:00,2026-01-22T14:45
109,12,Chaudière-Appalaches,CISSS DE CHAUDIÈRE-APPALACHES,HÔPITAL DE THETFORD,51245231,15,13,1,1,34,8,20.64,2.87,20:38,2:52,14:00:00,2026-01-22T14:45
110,13,Laval,Total régional,Total régional,,49,94,33,10,141,31,22.87,6.17,22:52,6:10,14:00:00,2026-01-22T14:45
111,13,Laval,CISSS DE LAVAL,HÔPITAL DE LA CITÉ-DE-LA-SANTÉ,51228757,49,94,33,10,141,31,22.87,6.17,22:52,6:10,14:00:00,2026-01-22T14:45
112,14,Lanaudière,Total régional,Total régional,,89,98,28,2,168,40,21.0305673758865,3.90862619808306,21:01,3:54,14:00:00,2026-01-22T14:45
113,14,Lanaudière,CISSS DE LANAUDIÈRE,HÔPITAL PIERRE-LE GARDEUR,51228062,47,57,25,2,103,24,24.65,4.32,24:39,4:19,14:00:00,2026-01-22T14:45
114,14,Lanaudière,CISSS DE LANAUDIÈRE,HÔPITAL DE LANAUDIÈRE ET CENTRE D'HÉBERGEMENT PARPHILIA-FERLAND,51244945,42,41,3,0,65,16,18.19,3.45,18:11,3:27,14:00:00,2026-01-22T14:45
115,15,Laurentides,Total régional,Total régional,,118,160,47,10,255,52,20.4203,5.32054838709677,20:25,5:19,14:00:00,2026-01-22T14:45
116,15,Laurentides,CISSS DES LAURENTIDES,HÔPITAL DE MONT-LAURIER,51217610,5,10,2,1,23,11,20.15,5.6,20:09,5:36,14:00:00,2026-01-22T14:45
117,15,Laurentides,CISSS DES LAURENTIDES,CENTRE MULTISERVICES DE SANTÉ ET DE SERVICES SOCIAUX DE RIVIÈRE-ROUGE,51217628,5,3,0,0,6,2,10.7,4,10:42,4:00,14:00:00,2026-01-22T14:45
118,15,Laurentides,CISSS DES LAURENTIDES,HÔPITAL DE SAINT-EUSTACHE,51228864,35,61,18,3,88,15,20.33,5.06,20:19,5:03,14:00:00,2026-01-22T14:45
119,15,Laurentides,CISSS DES LAURENTIDES,HÔPITAL DE SAINT-JÉRÔME,51228880,47,56,20,6,86,9,21.8,4.55,21:48,4:33,14:00:00,2026-01-22T14:45
120,15,Laurentides,CISSS DES LAURENTIDES,CENTRE MULTISERVICES DE SANTÉ ET DE SERVICES SOCIAUX D'ARGENTEUIL,51245306,8,9,2,0,16,5,17.44,6.57,17:26,6:34,14:00:00,2026-01-22T14:45
121,15,Laurentides,CISSS DES LAURENTIDES,CENTRE MULTISERVICES DE SANTÉ ET DE SERVICES SOCIAUX DE SAINTE-AGATHE,51246874,18,21,5,0,36,10,20.77,6.72,20:46,6:43,14:00:00,2026-01-22T14:45
122,16,Montérégie,Total régional,Total régional,,239,316,132,37,546,170,21.5268715083798,5.08777985074627,21:31,5:05,14:00:00,2026-01-22T14:45
123,16,Montérégie,CISSS DE LA MONTÉRÉGIE-OUEST,HÔPITAL BARRIE MEMORIAL / BARRIE MEMORIAL HOSPITAL,51228005,5,3,0,0,20,19,24.22,2.54,24:13,2:32,14:00:00,2026-01-22T14:45
124,16,Montérégie,CISSS DE LA MONTÉRÉGIE-EST,HÔPITAL PIERRE-BOUCHER,51229011,47,61,24,10,78,9,20.27,7.76,20:16,7:45,14:00:00,2026-01-22T14:45
125,16,Montérégie,CISSS DE LA MONTÉRÉGIE-CENTRE,HÔPITAL DU HAUT-RICHELIEU,51229045,37,49,21,5,89,34,16.63,5.91,16:37,5:54,14:00:00,2026-01-22T14:45
126,16,Montérégie,CISSS DE LA MONTÉRÉGIE-EST,HÔTEL-DIEU DE SOREL,51229102,17,29,9,0,37,7,19.24,5.67,19:14,5:40,14:00:00,2026-01-22T14:45
127,16,Montérégie,CISSS DE LA MONTÉRÉGIE-OUEST,HÔPITAL DU SUROÎT,51229136,32,42,29,13,74,26,23.97,4.41,23:58,4:24,14:00:00,2026-01-22T14:45
128,16,Montérégie,CISSS DE LA MONTÉRÉGIE-OUEST,HÔPITAL ANNA-LABERGE,51229151,32,44,25,5,59,5,37.08,5.53,37:04,5:31,14:00:00,2026-01-22T14:45
129,16,Montérégie,CISSS DE LA MONTÉRÉGIE-EST,HÔPITAL HONORÉ-MERCIER,51229193,26,34,6,0,73,28,13.09,3.57,13:05,3:34,14:00:00,2026-01-22T14:45
130,16,Montérégie,CISSS DE LA MONTÉRÉGIE-CENTRE,HÔPITAL CHARLES-LE MOYNE,51233799,43,54,18,4,116,42,26.58,5.14,26:34,5:08,14:00:00,2026-01-22T14:45
131,99,Ensemble du Québec,Ensemble du Québec,Ensemble du Québec,,1986,2304,697,178,4226,1225,18.5210073037127,4.76847112860892,18:31,4:46,14:00:00,2026-01-22T14
